{"_runtime": 111.50995826721191, "val_loss": 0.6725046006548736, "loss": 0.7708789581060409, "accuracy": 0.7387499809265137, "val_accuracy": 0.7859649062156677, "_step": 2, "_timestamp": 1591123365.6887581, "epoch": 1, "balanced_accuracy": 0.5682014228648951}
