{"val_accuracy": 0.7587719559669495, "_step": 1, "epoch": 1, "_timestamp": 1591124211.0239894, "accuracy": 0.7350000143051147, "_runtime": 81.95756125450134, "val_loss": 0.7283433427413305, "loss": 0.8691433817148209}
