{"_runtime": 469.71247577667236, "_step": 200, "_timestamp": 1589912434.3845453, "ari": 0.02588892433757024, "kl_divergence": 0.002985048806294799, "epoch": 199}
