{"_step": 32, "inertia": 16775.537109375, "_runtime": 312.2486021518707, "_timestamp": 1589921332.6566095, "linear_batch_size": 32, "linear_n_classes": 12, "linear_steps_per_epoch": 32, "linear_epochs": 20, "linear_metric": 0.6145808782654628, "linear_loss": [1.8461908586323261, 1.2087457776069641, 1.089476604014635, 0.9988392237573862, 0.9359557833522558, 0.908197408542037, 0.8008033223450184, 0.7188456645235419, 0.7304856758564711, 0.7358046813594283, 0.6883816013674764, 0.7115526935085654, 0.7029731459915638, 0.5812097997404635, 0.6504574222490191, 0.6710011614486575, 0.6220441814512014, 0.585282769985497, 0.5885399058461189, 0.532202148810029], "ari": 0.14839773244640478, "epoch": 29, "kl_divergence": 0.0251009501516819}
