{"_timestamp": 1589917867.9335427, "_step": 0, "_runtime": 123.06141328811646, "inertia": 17326.1484375}
