{"epoch": 1, "loss": 0.6590657684206963, "_runtime": 119.32656335830688, "_timestamp": 1591124597.6534443, "accuracy": 0.7762500047683716, "val_loss": 0.7028195137778918, "val_accuracy": 0.7833333611488342, "_step": 2, "balanced_accuracy": 0.49622991325109617}
