{"loss": 0.4716873175318136, "epoch": 86, "val_loss": 0.5385610176758333, "_runtime": 4505.125538825989, "val_accuracy": 0.8273894190788269, "_timestamp": 1591134999.685484, "accuracy": 0.8433962464332581, "_step": 87, "balanced_accuracy": 0.46684024533772495}
