{"val_loss": 0.6338246545185231, "accuracy": 0.7562500238418579, "_step": 1, "val_accuracy": 0.7929824590682983, "_runtime": 81.9825918674469, "_timestamp": 1591124805.5621803, "loss": 0.6599993330240249, "epoch": 1}
