{"inertia": 14425.0517578125, "_runtime": 333.1468744277954, "_timestamp": 1589922053.4068766, "_step": 62, "linear_steps_per_epoch": 32, "linear_batch_size": 32, "linear_loss": [1.8096727412194014, 1.2087439578026533, 1.0602339524775743, 1.0472887698560953, 0.9436977617442608, 0.8947729170322418, 0.8463183045387268, 0.8457089141011238, 0.7561196908354759, 0.7588369389995933, 0.740052473731339, 0.6896481225267053, 0.6900149928405881, 0.6071385368704796, 0.6504088416695595, 0.6491593988612294, 0.6276522516272962, 0.6418956171361182, 0.6012709007930944, 0.6171544748532937], "linear_metric": 0.5702248705304532, "linear_n_classes": 12, "linear_epochs": 20, "ari": -0.01925930050642048, "epoch": 59, "kl_divergence": 0.011157103814184666}
