{"_timestamp": 1591125504.646901, "_step": 2, "val_loss": 0.7141555743291974, "val_accuracy": 0.7824561595916748, "epoch": 1, "accuracy": 0.7512500286102295, "loss": 0.7008110031485557, "_runtime": 120.45940971374512, "balanced_accuracy": 0.5271137967360107}
