{"_step": 2, "loss": 0.7351152837276459, "_timestamp": 1591125307.4192991, "val_loss": 0.7412376660439703, "_runtime": 119.58765745162964, "epoch": 1, "val_accuracy": 0.7596490979194641, "accuracy": 0.7549999952316284, "balanced_accuracy": 0.44026048206174667}
