{"inertia": 14997.9580078125, "_runtime": 122.98962545394897, "_step": 0, "_timestamp": 1589918773.586571}
