{"_runtime": 123.17688608169556, "_timestamp": 1589916463.4077706, "inertia": 15992.302734375, "_step": 0}
