{"_timestamp": 1591186285.9727175, "loss": 1.4449694335460663, "_runtime": 166.50300216674805, "epoch": 1, "val_loss": 1.2992392724210566, "val_accuracy": 0.5663338303565979, "_step": 3, "accuracy": 0.5525000095367432, "dev_balanced_accuracy": 0.22350387689620388, "test_balanced_accuracy": 0.22714593376439873}
