{"inertia": 15075.8740234375, "_timestamp": 1589918976.890361, "_runtime": 122.85466527938843, "_step": 0}
