{"val_accuracy": 0.7833333611488342, "accuracy": 0.7587500214576721, "_step": 2, "_timestamp": 1591125787.2915518, "_runtime": 111.41666603088379, "epoch": 1, "val_loss": 0.7219206458475027, "loss": 0.7073518085479736, "balanced_accuracy": 0.532362657010003}
