{"_step": 0, "_timestamp": 1589916884.103078, "inertia": 12811.61328125, "_runtime": 122.50155663490295}
