{"_timestamp": 1591123731.7919433, "val_loss": 0.7085296041590886, "accuracy": 0.7774999737739563, "loss": 0.6529607632756234, "epoch": 1, "_runtime": 110.97096419334412, "_step": 2, "val_accuracy": 0.7684210538864136, "balanced_accuracy": 0.42305505111889247}
