{"_timestamp": 1589915529.2181, "_runtime": 122.65565204620361, "_step": 0, "inertia": 15857.556640625}
