{"_step": 0, "_runtime": 123.39644408226013, "inertia": 16627.515625, "_timestamp": 1589919229.0670161}
