{"epoch": 51, "_timestamp": 1591147413.3816667, "val_accuracy": 0.8181169629096985, "accuracy": 0.8371069431304932, "val_loss": 0.5716413168067281, "loss": 0.5157993311402183, "_runtime": 2405.104051589966, "_step": 52, "balanced_accuracy": 0.4082235479409368}
