{"_step": 0, "_timestamp": 1589919603.6833243, "inertia": 15057.86328125, "_runtime": 122.70242762565613}
