{"_step": 0, "_runtime": 123.061368227005, "inertia": 16031.5166015625, "_timestamp": 1589917094.0079045}
